ax,ay,az,gx,gy,gz
0.032684326172,0.117706298828,0.151733398438,-0.046340942383,0.015457153320,-0.018402099609
0.029663085938,0.114181518555,0.153976440430,-0.056015014648,0.017288208008,-0.022659301758
0.027526855469,0.117202758789,0.125808715820,-0.084457397461,0.021545410156,-0.027481079102
0.026428222656,0.115539550781,0.111007690430,-0.094436645508,0.021423339844,-0.029769897461
0.040023803711,0.137313842773,0.096969604492,-0.108108520508,0.016464233398,-0.030761718750
0.044891357422,0.157699584961,0.095520019531,-0.119079589844,0.014785766602,-0.031875610352
0.043197631836,0.166168212891,0.087783813477,-0.134246826172,0.013595581055,-0.038589477539
0.030319213867,0.167190551758,0.052825927734,-0.162887573242,0.012908935547,-0.042495727539
0.022064208984,0.155731201172,0.023468017578,-0.157470703125,0.011505126953,-0.048599243164
0.051223754883,0.128982543945,-0.000595092773,-0.117813110352,0.001464843750,-0.056625366211
0.056777954102,0.142074584961,-0.001831054688,-0.096435546875,-0.002166748047,-0.053573608398
0.052154541016,0.165939331055,-0.029541015625,-0.071182250977,-0.002960205078,-0.047378540039
0.043304443359,0.164245605469,-0.036514282227,-0.060363769531,-0.005554199219,-0.050857543945
0.049530029297,0.157394409180,-0.020080566406,-0.054779052734,-0.013427734375,-0.061920166016
0.056762695313,0.159500122070,-0.012039184570,-0.055709838867,-0.014053344727,-0.066040039063
0.039260864258,0.159057617188,-0.011672973633,-0.055496215820,-0.008544921875,-0.070495605469
0.026046752930,0.166412353516,-0.042144775391,-0.051177978516,-0.005203247070,-0.073699951172
0.016281127930,0.144317626953,-0.054336547852,-0.053405761719,-0.017730712891,-0.088424682617
0.001281738281,0.122314453125,-0.020492553711,-0.057861328125,-0.026336669922,-0.094940185547
-0.006958007813,0.077270507813,-0.032760620117,-0.060195922852,-0.026733398438,-0.103515625000
-0.000900268555,0.051223754883,-0.037384033203,-0.056549072266,-0.027053833008,-0.102691650391
-0.001770019531,0.032546997070,-0.040435791016,-0.050918579102,-0.029968261719,-0.102828979492
-0.005538940430,-0.005462646484,-0.049438476563,-0.047897338867,-0.032424926758,-0.102203369141
-0.014419555664,-0.028396606445,-0.051666259766,-0.042465209961,-0.038314819336,-0.098922729492
-0.027770996094,-0.097549438477,-0.044555664063,-0.031906127930,-0.040847778320,-0.094604492188
-0.024047851563,-0.130081176758,-0.033355712891,-0.028167724609,-0.046691894531,-0.077606201172
-0.008850097656,-0.166564941406,-0.010696411133,-0.021652221680,-0.044525146484,-0.068527221680
-0.003417968750,-0.179779052734,0.006835937500,-0.019119262695,-0.044097900391,-0.046554565430
-0.003540039063,-0.229446411133,0.053207397461,-0.015289306641,-0.037277221680,-0.035064697266
0.007812500000,-0.267318725586,0.075271606445,-0.014251708984,-0.029174804688,-0.022094726563
0.033264160156,-0.289688110352,0.108688354492,-0.013870239258,-0.009643554688,0.013519287109
0.032638549805,-0.268493652344,0.103515625000,-0.010314941406,0.000732421875,0.031356811523
0.029052734375,-0.223220825195,0.083175659180,0.002365112305,0.019088745117,0.058715820313
0.034164428711,-0.194564819336,0.076660156250,0.008636474609,0.025695800781,0.070327758789
0.055816650391,-0.126449584961,0.070617675781,0.018554687500,0.033752441406,0.088424682617
0.064514160156,-0.077087402344,0.054428100586,0.021652221680,0.036514282227,0.096023559570
0.079803466797,0.057693481445,0.014205932617,0.019058227539,0.039047241211,0.106781005859
0.090805053711,0.126068115234,-0.002609252930,0.015289306641,0.040328979492,0.107086181641
0.101211547852,0.184661865234,-0.015380859375,0.008575439453,0.046371459961,0.093139648438
0.140762329102,0.296951293945,-0.072631835938,-0.010314941406,0.049392700195,0.078170776367
0.136474609375,0.363113403320,-0.128097534180,-0.007003784180,0.049224853516,0.057235717773
0.073181152344,0.399154663086,-0.222640991211,0.018280029297,0.031372070313,-0.007629394531
0.019912719727,0.341262817383,-0.237411499023,0.025558471680,0.016586303711,-0.044479370117
-0.024383544922,0.152587890625,-0.196701049805,0.003677368164,-0.014373779297,-0.093475341797
-0.019317626953,0.069824218750,-0.143051147461,-0.008285522461,-0.028427124023,-0.103424072266
0.007003784180,0.000946044922,-0.072952270508,-0.018859863281,-0.039672851563,-0.099212646484
0.017761230469,-0.029312133789,-0.057479858398,-0.019363403320,-0.040771484375,-0.095932006836
0.006759643555,-0.051101684570,-0.030746459961,-0.014602661133,-0.044311523438,-0.089080810547
-0.006271362305,-0.083450317383,-0.015563964844,-0.010894775391,-0.044326782227,-0.088134765625
-0.017288208008,-0.261718750000,0.061187744141,-0.012466430664,-0.043197631836,-0.083633422852
0.005615234375,-0.361343383789,0.135574340820,-0.019927978516,-0.039245605469,-0.069976806641
0.040145874023,-0.496170043945,0.221603393555,-0.021759033203,-0.009384155273,-0.030960083008
0.027862548828,-0.498947143555,0.185913085938,-0.013183593750,0.012207031250,0.005279541016
0.009811401367,-0.355728149414,0.104080200195,0.002349853516,0.038665771484,0.072113037109
-0.001602172852,-0.282653808594,0.053085327148,0.011215209961,0.044326782227,0.088516235352
-0.001953125000,-0.218475341797,0.021713256836,0.019500732422,0.035430908203,0.106079101563
0.014648437500,-0.087112426758,0.008621215820,0.032714843750,0.030502319336,0.111587524414
0.026397705078,-0.009399414063,0.011596679688,0.029342651367,0.023986816406,0.116409301758
0.057113647461,0.180328369141,0.001464843750,0.005020141602,0.023056030273,0.124237060547
0.068801879883,0.262496948242,-0.016860961914,-0.006179809570,0.028808593750,0.122360229492
0.108093261719,0.330688476563,-0.119873046875,-0.021133422852,0.043182373047,0.100784301758
0.085601806641,0.426788330078,-0.199249267578,-0.009979248047,0.042587280273,0.071273803711
0.051376342773,0.430953979492,-0.262145996094,0.017089843750,0.013000488281,-0.014450073242
0.015594482422,0.282150268555,-0.227996826172,0.020919799805,-0.005172729492,-0.045181274414
0.015487670898,0.198287963867,-0.183502197266,0.014846801758,-0.027435302734,-0.076629638672
0.031814575195,0.064773559570,-0.105163574219,0.008056640625,-0.032226562500,-0.079910278320
0.035583496094,0.035217285156,-0.073638916016,0.001998901367,-0.034439086914,-0.077224731445
0.034469604492,-0.006820678711,-0.044525146484,-0.002685546875,-0.032714843750,-0.068847656250
0.029342651367,-0.039520263672,-0.030075073242,-0.001342773438,-0.031509399414,-0.064804077148
0.027938842773,-0.133834838867,0.004333496094,0.003662109375,-0.029113769531,-0.054306030273
0.035964965820,-0.185958862305,0.021926879883,0.004379272461,-0.026931762695,-0.045516967773
0.057586669922,-0.249771118164,0.016433715820,0.009155273438,-0.019424438477,-0.018554687500
0.064468383789,-0.249786376953,0.001739501953,0.012969970703,-0.018508911133,-0.001907348633
0.113403320313,-0.210830688477,-0.001098632813,0.019088745117,-0.022613525391,0.023788452148
0.144653320313,-0.180908203125,0.043090820313,0.019454956055,-0.022613525391,0.031661987305
0.201904296875,-0.077621459961,0.094711303711,0.025512695313,-0.018661499023,0.043426513672
0.190185546875,-0.022323608398,0.106475830078,0.026046752930,-0.020019531250,0.046752929688
0.174057006836,0.003677368164,0.106765747070,0.017822265625,-0.005813598633,0.038818359375
0.128952026367,-0.018890380859,0.014999389648,0.011276245117,0.003967285156,0.034729003906
0.104812622070,-0.022155761719,-0.023895263672,0.005722045898,0.007064819336,0.038208007813
0.098403930664,0.020462036133,-0.051162719727,-0.004058837891,0.000549316406,0.040054321289
0.102447509766,0.040527343750,-0.052856445313,-0.008941650391,-0.002883911133,0.039169311523
0.109176635742,0.049133300781,-0.033737182617,-0.014114379883,-0.006057739258,0.033493041992
0.115066528320,0.052841186523,-0.025680541992,-0.012802124023,-0.006256103516,0.030838012695
0.132980346680,0.068023681641,-0.021682739258,-0.004882812500,-0.007080078125,0.023010253906
0.137817382813,0.067352294922,-0.021484375000,-0.001663208008,-0.007736206055,0.017944335938
0.142913818359,0.059738159180,-0.006942749023,-0.002761840820,-0.008255004883,0.010787963867
0.144042968750,0.061096191406,0.001373291016,-0.003097534180,-0.007675170898,0.008895874023
0.134445190430,0.053344726563,0.004806518555,-0.001510620117,-0.004745483398,0.005294799805
0.129928588867,0.042419433594,-0.004653930664,-0.000442504883,-0.002929687500,0.003890991211
0.122985839844,0.032089233398,-0.016174316406,-0.004760742188,-0.002059936523,0.005218505859
0.110794067383,0.022171020508,-0.007217407227,-0.005630493164,-0.001983642578,0.006698608398
0.110412597656,0.022842407227,-0.009689331055,-0.005599975586,-0.001556396484,0.008255004883
0.112945556641,0.034744262695,-0.006134033203,-0.004699707031,-0.001861572266,0.009933471680
0.113479614258,0.039489746094,-0.006164550781,-0.003326416016,-0.001770019531,0.009582519531
0.116195678711,0.045242309570,-0.003479003906,-0.001892089844,-0.002380371094,0.007888793945
0.121795654297,0.049682617188,0.001525878906,-0.001678466797,-0.002929687500,0.006774902344
0.127822875977,0.062088012695,0.011672973633,-0.002395629883,-0.002792358398,0.004241943359
0.126098632813,0.055862426758,0.012863159180,-0.001373291016,-0.001983642578,0.001739501953
0.121353149414,0.042358398438,0.003250122070,0.001403808594,-0.000137329102,-0.000793457031
0.119064331055,0.039932250977,-0.000061035156,0.001983642578,0.000350952148,-0.000915527344
0.115112304688,0.033828735352,-0.003753662109,0.003402709961,0.000564575195,-0.001190185547
0.113449096680,0.026885986328,-0.011001586914,0.003570556641,0.000427246094,-0.000686645508
0.115737915039,0.027877807617,-0.011764526367,0.003219604492,-0.000167846680,0.000061035156

0.167678833008,0.152770996094,0.042144775391,-0.018524169922,-0.001663208008,0.009552001953
0.189453125000,0.204803466797,0.065017700195,-0.026535034180,-0.000701904297,0.006118774414
0.215499877930,0.285049438477,0.106384277344,-0.036682128906,0.011367797852,-0.011749267578
0.184799194336,0.265075683594,0.109436035156,-0.033569335938,0.022949218750,-0.026580810547
0.129760742188,0.202713012695,-0.023971557617,-0.020767211914,0.041870117188,-0.060302734375
0.040039062500,0.123825073242,-0.102218627930,-0.012283325195,0.041015625000,-0.073852539063
-0.003540039063,0.114639282227,-0.152328491211,-0.002365112305,0.032714843750,-0.097412109375
-0.060729980469,0.050079345703,-0.144500732422,0.000366210937,0.005020141602,-0.104858398438
-0.062652587891,0.005844116211,-0.124908447266,-0.001678466797,-0.007476806641,-0.108383178711
-0.058197021484,-0.071777343750,-0.087982177734,-0.007919311523,-0.025787353516,-0.105133056641
-0.051635742188,-0.103607177734,-0.085327148438,-0.007614135742,-0.030441284180,-0.100967407227
-0.031326293945,-0.144958496094,-0.028854370117,-0.003875732422,-0.041336059570,-0.089019775391
-0.007247924805,-0.188873291016,0.031341552734,-0.001235961914,-0.045257568359,-0.081771850586
0.046844482422,-0.349304199219,0.131973266602,-0.004196166992,-0.037582397461,-0.055343627930
0.071594238281,-0.440246582031,0.166488647461,-0.003524780273,-0.026809692383,-0.034423828125
0.093444824219,-0.485900878906,0.168579101563,-0.002090454102,0.001953125000,0.022491455078
0.067840576172,-0.437057495117,0.127151489258,0.000320434570,0.015640258789,0.051849365234
0.014923095703,-0.259872436523,0.049072265625,-0.002288818359,0.027145385742,0.099365234375
-0.015441894531,-0.167053222656,0.009384155273,-0.002990722656,0.028778076172,0.112197875977
-0.034271240234,-0.041320800781,-0.070770263672,0.000137329102,0.027862548828,0.116210937500
-0.037048339844,-0.011596679688,-0.075820922852,0.004241943359,0.021835327148,0.110519409180
-0.032302856445,0.022994995117,-0.082748413086,0.010162353516,0.011062622070,0.099273681641
0.005142211914,0.117248535156,-0.062713623047,0.008804321289,0.003875732422,0.093704223633
0.046981811523,0.192459106445,-0.055694580078,0.004608154297,-0.001663208008,0.087402343750
0.160751342773,0.342117309570,-0.047271728516,-0.007171630859,-0.006134033203,0.064163208008
0.224472045898,0.375167846680,-0.000152587891,-0.009796142578,-0.008834838867,0.043807983398
0.274139404297,0.429321289062,0.111526489258,-0.008361816406,-0.009140014648,-0.004516601563
0.223968505859,0.376998901367,0.046646118164,0.001327514648,0.001403808594,-0.034667968750
0.090744018555,0.221115112305,-0.020889282227,0.017486572266,0.007293701172,-0.080429077148
0.052780151367,0.143264770508,-0.055862426758,0.018295288086,0.010330200195,-0.091293334961
0.023895263672,0.074478149414,-0.078720092773,0.007827758789,0.008346557617,-0.094039916992
0.000244140625,-0.018890380859,-0.086578369141,0.002258300781,0.002700805664,-0.088150024414
-0.004226684570,-0.054214477539,-0.084182739258,-0.002838134766,-0.001373291016,-0.081314086914
-0.012008666992,-0.123229980469,-0.063796997070,-0.003509521484,-0.008987426758,-0.066436767578
0.003723144531,-0.140533447266,-0.047164916992,-0.000656127930,-0.012725830078,-0.056900024414
0.037475585938,-0.186553955078,0.010833740234,0.010818481445,-0.017959594727,-0.042037963867
0.048019409180,-0.235275268555,0.048690795898,0.015411376953,-0.017059326172,-0.033889770508
0.056243896484,-0.357971191406,0.065826416016,0.016952514648,-0.007522583008,-0.003112792969
0.050888061523,-0.380050659180,0.060867309570,0.015213012695,-0.001907348633,0.019561767578
0.037963867188,-0.279830932617,0.016464233398,0.015213012695,0.005966186523,0.066955566406
0.031799316406,-0.198623657227,-0.003585815430,0.017379760742,0.005325317383,0.082351684570
0.033615112305,-0.052246093750,-0.045806884766,0.025802612305,0.000091552734,0.093002319336
0.033828735352,0.000442504883,-0.050781250000,0.028396606445,-0.005096435547,0.091201782227
0.044708251953,0.030151367188,-0.046890258789,0.033996582031,-0.017120361328,0.077728271484
0.083969116211,0.098373413086,-0.000274658203,0.036300659180,-0.022918701172,0.070144653320
0.116394042969,0.165573120117,0.021133422852,0.032989501953,-0.028747558594,0.065536499023
0.223342895508,0.350509643555,0.097518920898,0.001007080078,-0.036849975586,0.053359985352
0.264175415039,0.420883178711,0.168182373047,-0.013656616211,-0.034439086914,0.036651611328
0.242431640625,0.333618164063,0.164047241211,-0.022552490234,0.003189086914,-0.016159057617
0.186172485352,0.275604248047,0.118331909180,-0.023223876953,0.020492553711,-0.036010742188
0.104248046875,0.169540405273,-0.011077880859,-0.016387939453,0.035385131836,-0.061981201172
0.075668334961,0.124114990234,-0.048309326172,-0.016693115234,0.034164428711,-0.068908691406
0.044815063477,0.094558715820,-0.046447753906,-0.020965576172,0.020034790039,-0.074127197266
0.001113891602,0.005676269531,-0.043426513672,-0.020904541016,0.014892578125,-0.075500488281
0.000823974609,-0.038085937500,-0.051757812500,-0.020843505859,0.008499145508,-0.070785522461
0.004089355469,-0.097015380859,-0.065429687500,-0.014450073242,0.005615234375,-0.064910888672
0.006225585938,-0.114120483398,-0.058624267578,-0.010314941406,0.000305175781,-0.058837890625
0.022872924805,-0.176757812500,-0.023056030273,-0.001525878906,-0.007537841797,-0.047363281250
0.039886474609,-0.208786010742,-0.000976562500,0.000839233398,-0.009017944336,-0.039443969727
0.045669555664,-0.287826538086,0.020996093750,0.004852294922,-0.006683349609,-0.017578125000
0.037506103516,-0.315338134766,0.032730102539,0.002075195313,-0.005752563477,-0.000396728516
0.040954589844,-0.314559936523,0.014694213867,0.001617431641,-0.001205444336,0.038406372070
0.042953491211,-0.272476196289,0.005264282227,0.005340576172,-0.000732421875,0.057052612305
0.039337158203,-0.125915527344,-0.014419555664,0.021209716797,-0.004623413086,0.081283569336
0.041442871094,-0.058456420898,-0.035797119141,0.028335571289,-0.007156372070,0.084518432617
0.055297851563,0.013397216797,-0.024871826172,0.038436889648,-0.019897460938,0.079177856445
0.063095092773,0.039611816406,-0.000930786133,0.041397094727,-0.024047851563,0.073532104492
0.080642700195,0.066116333008,0.022232055664,0.043899536133,-0.029098510742,0.061721801758
0.144668579102,0.185012817383,0.050521850586,0.029739379883,-0.033828735352,0.059967041016
0.210800170898,0.307067871094,0.108398437500,0.004943847656,-0.039566040039,0.061080932617
0.296356201172,0.499938964844,0.238540649414,-0.023971557617,-0.025375366211,0.032653808594
0.274200439453,0.419967651367,0.226989746094,-0.027908325195,-0.000854492188,-0.003494262695
0.155838012695,0.244812011719,0.113876342773,-0.033355712891,0.036682128906,-0.050399780273
0.095855712891,0.194229125977,0.045181274414,-0.028549194336,0.045684814453,-0.064620971680
0.021102905273,0.081878662109,-0.060028076172,-0.029388427734,0.044906616211,-0.079574584961
0.003723144531,0.034088134766,-0.066329956055,-0.030548095703,0.035446166992,-0.079910278320
-0.003311157227,0.015182495117,-0.066268920898,-0.030624389648,0.019821166992,-0.073028564453
-0.000061035156,-0.028686523438,-0.059204101563,-0.028442382813,0.014297485352,-0.072265625000
-0.000228881836,-0.070266723633,-0.051254272461,-0.021591186523,0.005325317383,-0.068481445313
0.018081665039,-0.168273925781,-0.025955200195,-0.018005371094,0.001052856445,-0.062652587891
0.024627685547,-0.190124511719,-0.006591796875,-0.005645751953,-0.003616333008,-0.044906616211
0.052246093750,-0.221618652344,0.015930175781,0.001907348633,-0.003204345703,-0.037063598633
0.061233520508,-0.239715576172,0.025421142578,0.007568359375,-0.002502441406,-0.027679443359
0.050506591797,-0.308090209961,0.038162231445,0.009445190430,-0.000030517578,-0.003051757813
0.036148071289,-0.332717895508,0.028579711914,0.012023925781,0.002136230469,0.012313842773
0.027160644531,-0.293304443359,0.010177612305,0.017807006836,0.002304077148,0.051040649414
0.013000488281,-0.239227294922,-0.001007080078,0.022583007813,0.001098632813,0.067337036133
-0.001235961914,-0.116546630859,-0.025161743164,0.031738281250,-0.003967285156,0.085617065430
0.002243041992,-0.067886352539,-0.025451660156,0.037414550781,-0.008392333984,0.088607788086
0.031875610352,0.025573730469,-0.015197753906,0.043151855469,-0.017410278320,0.085952758789
0.043838500977,0.059249877930,-0.003128051758,0.044494628906,-0.021118164063,0.080520629883
0.063812255859,0.106292724609,0.027038574219,0.045013427734,-0.028121948242,0.063278198242
0.065490722656,0.109176635742,0.080780029297,0.040039062500,-0.032119750977,0.055847167969
0.124313354492,0.152252197266,0.104553222656,0.025451660156,-0.032028198242,0.058547973633
0.198059082031,0.259185791016,0.071685791016,-0.000915527344,-0.017639160156,0.052246093750
0.187530517578,0.259323120117,0.056777954102,-0.011367797852,-0.008926391602,0.045089721680
0.143112182617,0.163726806641,0.030334472656,-0.020629882813,0.006805419922,0.021835327148
0.124694824219,0.136764526367,0.005599975586,-0.014312744141,0.009521484375,0.016067504883
0.112838745117,0.103378295898,-0.012924194336,-0.002655029297,0.003692626953,0.011840820313
0.116668701172,0.104370117188,-0.012435913086,0.002990722656,0.000686645508,0.010742187500
0.114913940430,0.078216552734,0.006103515625,0.009918212891,-0.002014160156,0.003631591797
0.104095458984,0.062271118164,0.005676269531,0.010818481445,-0.001296997070,0.001205444336
0.104919433594,0.047897338867,0.006454467773,0.005676269531,0.000473022461,-0.000732421875
0.109298706055,0.039688110352,0.002014160156,0.004226684570,0.002456665039,-0.000518798828

0.182815551758,0.195129394531,0.012222290039,0.003311157227,-0.000595092773,-0.011230468750
0.210632324219,0.253021240234,0.035232543945,0.004226684570,-0.000213623047,-0.022354125977
0.175247192383,0.359970092773,0.090606689453,-0.002838134766,0.000732421875,-0.056243896484
0.127914428711,0.306427001953,0.058731079102,0.000411987305,0.005416870117,-0.080947875977
0.109466552734,0.138961791992,0.003173828125,-0.007980346680,0.008148193359,-0.109527587891
-0.004028320313,0.056442260742,-0.024917602539,-0.014373779297,0.007995605469,-0.112579345703
-0.040100097656,-0.009719848633,-0.059753417969,-0.016403198242,0.007125854492,-0.104248046875
-0.063934326172,-0.090911865234,-0.081207275391,-0.014709472656,-0.007354736328,-0.094100952148
-0.059768676758,-0.120635986328,-0.066070556641,-0.011810302734,-0.014633178711,-0.082061767578
-0.002731323242,-0.219207763672,-0.006576538086,-0.005661010742,-0.020416259766,-0.055526733398
0.013900756836,-0.290069580078,0.040893554688,-0.003921508789,-0.018692016602,-0.040237426758
0.022872924805,-0.457244873047,0.148147583008,-0.003570556641,-0.005767822266,-0.002609252930
0.034301757813,-0.485244750977,0.137496948242,-0.000366210937,0.008483886719,0.019912719727
0.016342163086,-0.258224487305,0.086654663086,0.011352539063,0.022994995117,0.089843750000
0.005783081055,-0.172119140625,0.056793212891,0.016021728516,0.024826049805,0.102859497070
-0.002334594727,-0.024291992188,-0.023498535156,0.025085449219,0.024185180664,0.115127563477
0.000366210937,0.013702392578,-0.038040161133,0.031097412109,0.016723632813,0.111419677734
0.009857177734,0.050170898438,-0.050827026367,0.038818359375,-0.004058837891,0.098632812500
0.036468505859,0.188705444336,0.001556396484,0.039688110352,-0.012130737305,0.095123291016
0.061569213867,0.279098510742,-0.010528564453,0.034027099609,-0.018875122070,0.095718383789
0.144515991211,0.499938964844,-0.044662475586,0.007034301758,-0.025817871094,0.068756103516
0.221939086914,0.499938964844,0.068267822266,-0.006759643555,-0.028671264648,0.026321411133
0.229125976563,0.499938964844,0.205429077148,-0.039764404297,-0.001037597656,-0.024978637695
0.182083129883,0.405700683594,0.171859741211,-0.039306640625,0.013916015625,-0.058609008789
0.075851440430,0.261123657227,-0.017425537109,-0.020584106445,0.029525756836,-0.103836059570
0.010940551758,0.129837036133,-0.031341552734,-0.020889282227,0.020339965820,-0.118804931641
-0.056549072266,-0.009811401367,-0.056732177734,-0.022659301758,0.004043579102,-0.111557006836
-0.083343505859,-0.064865112305,-0.068359375000,-0.021057128906,-0.001663208008,-0.102706909180
-0.059509277344,-0.213317871094,-0.035308837891,-0.016677856445,-0.016326904297,-0.084014892578
-0.038864135742,-0.268951416016,0.001541137695,-0.014343261719,-0.018249511719,-0.068008422852
-0.022689819336,-0.331115722656,0.019607543945,-0.007705688477,-0.005844116211,-0.028701782227
0.004272460938,-0.337753295898,0.010910034180,-0.002700805664,-0.001449584961,-0.007415771484
0.014083862305,-0.322479248047,0.045303344727,0.002120971680,-0.002212524414,0.033065795898
0.036834716797,-0.241592407227,0.072937011719,0.015853881836,0.001968383789,0.047897338867
0.041885375977,-0.191879272461,0.061843872070,0.019500732422,0.004959106445,0.060226440430
0.065994262695,-0.064346313477,0.018203735352,0.029678344727,0.001617431641,0.075607299805
0.067123413086,-0.016769409180,0.004302978516,0.037689208984,-0.002563476563,0.076293945313
0.086380004883,0.056045532227,0.020751953125,0.046005249023,-0.012588500977,0.068298339844
0.098098754883,0.114196777344,0.041381835938,0.042541503906,-0.019180297852,0.066574096680
0.125564575195,0.194671630859,0.044540405273,0.023773193359,-0.027420043945,0.059326171875
0.202468872070,0.368743896484,0.077346801758,0.010086059570,-0.028335571289,0.048126220703
0.239410400391,0.436889648437,0.098861694336,-0.001556396484,-0.021087646484,0.031097412109
0.220321655273,0.376678466797,0.112045288086,-0.019699096680,0.010116577148,-0.018707275391
0.171096801758,0.309783935547,0.070312500000,-0.021179199219,0.023223876953,-0.041320800781
0.089111328125,0.170181274414,0.000396728516,-0.015304565430,0.024703979492,-0.072204589844
0.060379028320,0.126586914063,-0.021575927734,-0.013320922852,0.019470214844,-0.079574584961
0.029586791992,0.040496826172,-0.031036376953,-0.013488769531,0.009033203125,-0.084121704102
0.013061523438,0.002655029297,-0.036132812500,-0.014083862305,0.004974365234,-0.082183837891
-0.001403808594,-0.088043212891,-0.034530639648,-0.014083862305,-0.004196166992,-0.074737548828
0.003936767578,-0.131637573242,-0.030990600586,-0.013214111328,-0.006973266602,-0.067230224609
0.016540527344,-0.254592895508,0.024200439453,-0.008666992188,-0.009170532227,-0.047912597656
0.052688598633,-0.310821533203,0.050125122070,-0.004638671875,-0.006225585938,-0.034347534180
0.059249877930,-0.331939697266,0.062515258789,-0.002502441406,0.003845214844,0.004714965820
0.044631958008,-0.300186157227,0.041687011719,0.002685546875,0.007843017578,0.022476196289
0.040283203125,-0.276489257813,0.037582397461,0.005401611328,0.009155273438,0.036987304688
0.039428710938,-0.158996582031,0.012939453125,0.007827758789,0.008209228516,0.064270019531
0.042205810547,-0.112731933594,-0.008850097656,0.014541625977,0.005340576172,0.070922851563
0.056716918945,-0.025375366211,-0.022354125977,0.027435302734,-0.005935668945,0.074356079102
0.067687988281,0.016189575195,-0.011215209961,0.034378051758,-0.011901855469,0.072250366211
0.100601196289,0.109115600586,0.038726806641,0.040283203125,-0.020462036133,0.063430786133
0.127685546875,0.176376342773,0.049163818359,0.031951904297,-0.023620605469,0.060638427734
0.164001464844,0.254379272461,0.050994873047,0.013458251953,-0.026031494141,0.043884277344
0.223587036133,0.377197265625,0.125488281250,0.004196166992,-0.023071289063,0.030792236328
0.234771728516,0.410385131836,0.132720947266,-0.007675170898,-0.008590698242,0.012771606445
0.171432495117,0.296752929688,0.087692260742,-0.016372680664,0.015899658203,-0.034179687500
0.134490966797,0.251617431641,0.046691894531,-0.013961791992,0.020095825195,-0.050476074219
0.066116333008,0.126876831055,-0.006027221680,-0.008529663086,0.022460937500,-0.074722290039
0.037307739258,0.071563720703,-0.022842407227,-0.007843017578,0.020614624023,-0.080291748047
0.017486572266,-0.026947021484,-0.041702270508,-0.009140014648,0.011566162109,-0.077316284180
0.007995605469,-0.080444335938,-0.043746948242,-0.008941650391,0.006515502930,-0.072647094727
0.022323608398,-0.202560424805,-0.012603759766,-0.010681152344,-0.001419067383,-0.058059692383
0.041748046875,-0.243637084961,0.006347656250,-0.010818481445,-0.002090454102,-0.044708251953
0.048690795898,-0.279998779297,0.026412963867,-0.005096435547,0.001846313477,-0.012939453125
0.041030883789,-0.348037719727,0.047729492188,-0.005310058594,0.006042480469,0.004974365234
0.038940429688,-0.343688964844,0.046981811523,0.000457763672,0.010360717773,0.044113159180
0.032257080078,-0.220489501953,0.020217895508,0.011276245117,0.014389038086,0.064147949219
0.035430908203,-0.153610229492,0.002716064453,0.015686035156,0.012374877930,0.073730468750
0.037765502930,-0.023437500000,-0.019119262695,0.031799316406,0.003189086914,0.077301025391
0.045349121094,0.026199340820,-0.022720336914,0.040893554688,-0.003494262695,0.073654174805
0.083496093750,0.114837646484,0.008911132813,0.051956176758,-0.019607543945,0.062362670898
0.113571166992,0.189636230469,0.016662597656,0.041412353516,-0.026931762695,0.061203002930
0.156356811523,0.284255981445,0.018829345703,0.011947631836,-0.040115356445,0.053146362305
0.231277465820,0.423141479492,0.152282714844,-0.003845214844,-0.034332275391,0.035781860352
0.254257202148,0.465744018555,0.149612426758,-0.019531250000,-0.017547607422,0.015563964844
0.190933227539,0.368637084961,0.168228149414,-0.022384643555,0.008758544922,-0.038665771484
0.130432128906,0.303192138672,0.103622436523,-0.021743774414,0.024658203125,-0.058914184570
0.031555175781,0.175109863281,0.012741088867,-0.012924194336,0.029861450195,-0.088623046875
0.008728027344,0.095458984375,0.010803222656,-0.012771606445,0.024597167969,-0.096954345703
-0.037643432617,-0.011703491211,-0.026962280273,-0.026809692383,0.019119262695,-0.093276977539
-0.038452148438,-0.088607788086,-0.046264648438,-0.025939941406,0.014572143555,-0.091247558594
-0.008300781250,-0.241073608398,-0.013916015625,-0.023910522461,0.005859375000,-0.072937011719
0.016403198242,-0.297576904297,-0.003997802734,-0.020614624023,0.007064819336,-0.057479858398
0.034439086914,-0.332382202148,0.019500732422,-0.010452270508,0.010131835938,-0.018829345703
0.041229248047,-0.357955932617,0.019958496094,-0.006362915039,0.011581420898,0.000335693359
0.038131713867,-0.349487304688,0.014831542969,-0.003997802734,0.012924194336,0.037460327148
0.029861450195,-0.290985107422,0.001770019531,-0.000045776367,0.012863159180,0.052993774414
0.020950317383,-0.246231079102,-0.000534057617,0.001068115234,0.009323120117,0.065750122070
0.008331298828,-0.124237060547,-0.028060913086,0.013305664063,-0.001617431641,0.081329345703
0.010513305664,-0.072769165039,-0.023986816406,0.021743774414,-0.008773803711,0.084030151367
0.020721435547,0.011596679688,-0.023162841797,0.032699584961,-0.017089843750,0.083602905273
0.033203125000,0.042602539063,-0.010269165039,0.038330078125,-0.021835327148,0.079757690430
0.064315795898,0.123504638672,0.023757934570,0.041610717773,-0.031341552734,0.072448730469
0.078857421875,0.188323974609,0.037124633789,0.028411865234,-0.038925170898,0.073379516602
0.096023559570,0.238189697266,0.072311401367,0.004837036133,-0.040405273438,0.061691284180

0.118286132813,0.080902099609,0.117202758789,-0.033218383789,0.000198364258,0.022384643555
0.123046875000,0.098587036133,0.077285766602,-0.020843505859,0.009140014648,0.019378662109
0.143814086914,0.153930664063,0.054656982422,-0.024475097656,0.016281127930,0.015014648438
0.143753051758,0.179031372070,0.065002441406,-0.030364990234,0.016433715820,0.010406494141
0.146270751953,0.199096679688,0.055236816406,-0.034133911133,0.023147583008,-0.001724243164
0.110565185547,0.232009887695,0.040542602539,-0.031005859375,0.026367187500,-0.011276245117
0.090347290039,0.237579345703,0.020736694336,-0.024139404297,0.030776977539,-0.021118164063
0.046737670898,0.222137451172,-0.046051025391,-0.010253906250,0.039123535156,-0.037170410156
0.024047851563,0.203933715820,-0.088088989258,-0.009201049805,0.039291381836,-0.042648315430
0.024276733398,0.197402954102,-0.119750976563,-0.028320312500,0.027084350586,-0.047531127930
0.022583007813,0.214126586914,-0.120605468750,-0.028396606445,0.019958496094,-0.050888061523
-0.016571044922,0.238342285156,-0.151519775391,-0.005371093750,0.007904052734,-0.070892333984
-0.041870117188,0.196380615234,-0.147003173828,0.008880615234,-0.001419067383,-0.085067749023
-0.062362670898,0.090240478516,-0.102294921875,0.009216308594,-0.016586303711,-0.103057861328
-0.062896728516,0.049011230469,-0.079910278320,0.007705688477,-0.020996093750,-0.106582641602
-0.060729980469,0.020751953125,-0.071472167969,0.019378662109,-0.023681640625,-0.112564086914
-0.076309204102,-0.040374755859,-0.065948486328,0.026199340820,-0.025634765625,-0.115509033203
-0.079299926758,-0.117858886719,-0.053939819336,0.017761230469,-0.030685424805,-0.113357543945
-0.038803100586,-0.289276123047,0.006637573242,0.001342773438,-0.032531738281,-0.102203369141
-0.010116577148,-0.372207641602,0.052185058594,-0.008728027344,-0.032211303711,-0.071075439453
0.071945190430,-0.499938964844,0.113906860352,-0.030151367188,-0.017532348633,-0.018783569336
0.109832763672,-0.462646484375,0.141067504883,-0.040695190430,-0.004394531250,0.029144287109
0.121139526367,-0.277709960938,0.126373291016,-0.011749267578,0.013351440430,0.065902709961
0.102035522461,-0.233413696289,0.100189208984,-0.001068115234,0.019577026367,0.071472167969
0.061187744141,-0.155319213867,0.030044555664,-0.005386352539,0.023117065430,0.078216552734
0.049133300781,-0.126403808594,0.007614135742,-0.005676269531,0.022445678711,0.079055786133
0.046417236328,-0.051300048828,0.015594482422,-0.009658813477,0.018310546875,0.084579467773
0.046813964844,0.011795043945,0.018569946289,-0.017227172852,0.019546508789,0.089248657227
0.047668457031,0.098968505859,0.006072998047,-0.025253295898,0.027969360352,0.089584350586
0.058258056641,0.237228393555,-0.059524536133,-0.023193359375,0.031890869141,0.082427978516
0.063522338867,0.262588500977,-0.096359252930,-0.024780273438,0.033264160156,0.073135375977
0.083023071289,0.282608032227,-0.156677246094,-0.028656005859,0.027862548828,0.051177978516
0.085723876953,0.313140869141,-0.169250488281,-0.020034790039,0.021255493164,0.038131713867
0.102645874023,0.381240844727,-0.145828247070,0.001602172852,0.011993408203,0.007598876953
0.091140747070,0.332260131836,-0.153198242188,0.015914916992,0.012634277344,-0.024642944336
0.038955688477,0.194778442383,-0.171066284180,0.028503417969,0.003356933594,-0.055786132813
0.030593872070,0.171539306641,-0.147262573242,0.014358520508,-0.004776000977,-0.057556152344
0.029052734375,0.156494140625,-0.120361328125,0.017745971680,-0.014923095703,-0.068252563477
0.012420654297,0.117706298828,-0.096984863281,0.020462036133,-0.019531250000,-0.075241088867
0.008224487305,0.078628540039,-0.077713012695,0.020126342773,-0.022583007813,-0.085250854492
-0.004333496094,-0.002899169922,-0.049789428711,0.018051147461,-0.026000976563,-0.088912963867
-0.009704589844,-0.053176879883,-0.044616699219,0.018600463867,-0.026840209961,-0.091506958008
-0.020843505859,-0.186538696289,-0.027206420898,0.023376464844,-0.030364990234,-0.091445922852
-0.010589599609,-0.275405883789,-0.011398315430,0.025665283203,-0.032119750977,-0.086669921875
0.039886474609,-0.499938964844,0.090957641602,0.003128051758,-0.029296875000,-0.061050415039
0.080474853516,-0.499938964844,0.110092163086,-0.012847900391,-0.017745971680,-0.006668090820
0.066360473633,-0.396835327148,0.027206420898,-0.001754760742,0.004486083984,0.054733276367
0.053833007813,-0.327667236328,0.001861572266,-0.002410888672,0.004821777344,0.073196411133
0.036605834961,-0.189819335938,0.008392333984,0.001724243164,-0.002227783203,0.098114013672
0.036193847656,-0.120010375977,0.020156860352,0.010513305664,-0.006942749023,0.103897094727
0.036544799805,-0.052413940430,0.066940307617,0.018402099609,-0.015182495117,0.103637695313
0.036819458008,0.092483520508,0.091354370117,0.017471313477,-0.017028808594,0.100021362305
0.045043945313,0.170730590820,0.110763549805,0.013015747070,-0.007400512695,0.092224121094
0.063827514648,0.270034790039,0.072235107422,-0.016326904297,0.004272460938,0.089752197266
0.067962646484,0.288192749023,0.018188476563,-0.021499633789,0.014877319336,0.084579467773
0.092224121094,0.348724365234,-0.052719116211,-0.046463012695,0.027526855469,0.054779052734
0.105438232422,0.393814086914,-0.067276000977,-0.048645019531,0.028701782227,0.039428710938
0.102188110352,0.499938964844,-0.107421875000,-0.025268554688,0.021789550781,0.001296997070
0.071212768555,0.443695068359,-0.125152587891,-0.004913330078,0.015533447266,-0.027130126953
0.017425537109,0.217788696289,-0.153152465820,0.016479492188,0.004592895508,-0.071044921875
0.006637573242,0.157409667969,-0.136642456055,0.009277343750,-0.004898071289,-0.073303222656
0.006774902344,0.112213134766,-0.113342285156,-0.001907348633,-0.017898559570,-0.073242187500
0.015548706055,0.044540405273,-0.082977294922,-0.001403808594,-0.020721435547,-0.072189331055
0.018646240234,0.025192260742,-0.070007324219,-0.000610351563,-0.022827148438,-0.070739746094
0.021896362305,0.000915527344,-0.056304931641,0.006454467773,-0.025527954102,-0.070571899414
0.020797729492,-0.022583007813,-0.043746948242,0.011917114258,-0.028137207031,-0.071823120117
0.014205932617,-0.117553710938,-0.007629394531,0.016998291016,-0.030456542969,-0.070755004883
0.019851684570,-0.178756713867,0.019256591797,0.014907836914,-0.028396606445,-0.066513061523
0.067230224609,-0.367263793945,0.088226318359,0.000534057617,-0.019180297852,-0.050231933594
0.102584838867,-0.413314819336,0.113815307617,-0.005554199219,-0.011627197266,-0.031646728516
0.114944458008,-0.386993408203,0.073059082031,0.001251220703,0.008056640625,0.023147583008
0.107879638672,-0.315139770508,0.068664550781,0.001556396484,0.011184692383,0.050231933594
0.100769042969,-0.247863769531,0.059997558594,0.004592895508,0.013031005859,0.078582763672
0.077301025391,-0.118713378906,0.015274047852,0.009429931641,0.008041381836,0.083328247070
0.069915771484,-0.067733764648,0.024627685547,0.009735107422,0.000503540039,0.083679199219
0.072357177734,0.044830322266,0.047027587891,0.002944946289,-0.003631591797,0.081314086914
0.082641601563,0.123992919922,0.062545776367,-0.003982543945,-0.003082275391,0.079727172852
0.091613769531,0.226348876953,0.076110839844,-0.010833740234,0.009109497070,0.071502685547
0.098236083984,0.252655029297,0.030776977539,-0.019668579102,0.022186279297,0.066482543945
0.108688354492,0.300079345703,-0.046630859375,-0.037765502930,0.035766601563,0.037612915039
0.117126464844,0.381271362305,-0.076858520508,-0.036087036133,0.035034179688,0.024093627930
0.111206054688,0.428741455078,-0.093139648438,-0.031951904297,0.025939941406,-0.013946533203
0.070526123047,0.363067626953,-0.125335693359,-0.001617431641,0.018798828125,-0.038452148438
0.044662475586,0.273910522461,-0.128417968750,0.009368896484,0.012359619141,-0.057464599609
0.013763427734,0.136596679688,-0.113754272461,0.007781982422,-0.000732421875,-0.071929931641
0.009429931641,0.091537475586,-0.099365234375,0.005676269531,-0.005752563477,-0.074096679688
0.014144897461,0.039428710938,-0.080261230469,0.001785278320,-0.013137817383,-0.073348999023
0.008743286133,0.034698486328,-0.077163696289,0.001922607422,-0.015670776367,-0.071319580078
-0.011840820313,-0.016571044922,-0.076629638672,0.016326904297,-0.022064208984,-0.073562622070
-0.014526367188,-0.039367675781,-0.042190551758,0.016662597656,-0.023635864258,-0.075592041016
-0.011535644531,-0.122604370117,-0.039932250977,0.019989013672,-0.015914916992,-0.084579467773
0.010375976563,-0.279022216797,-0.021484375000,0.017990112305,-0.016876220703,-0.074874877930
0.037231445313,-0.370895385742,-0.007171630859,-0.002960205078,-0.016830444336,-0.030960083008
0.100799560547,-0.453186035156,0.021087646484,-0.011611938477,-0.014755249023,0.000564575195
0.111923217773,-0.439239501953,0.040420532227,-0.009216308594,-0.013336181641,0.057235717773
0.079605102539,-0.294723510742,0.062728881836,0.004425048828,-0.012237548828,0.079925537109
0.060760498047,-0.223937988281,0.025817871094,0.006698608398,-0.005462646484,0.094604492188
0.017257690430,-0.109558105469,-0.030563354492,0.004150390625,-0.008819580078,0.102737426758
-0.000808715820,-0.068969726563,-0.027374267578,0.001754760742,-0.016357421875,0.101181030273
-0.021347045898,-0.011367797852,-0.020797729492,0.003753662109,-0.024215698242,0.098709106445
-0.029159545898,0.017272949219,-0.003784179688,0.003051757813,-0.028091430664,0.097976684570
-0.031082153320,0.105300903320,0.052444458008,-0.006072998047,-0.035293579102,0.095687866211
-0.032043457031,0.158508300781,0.087524414063,-0.012222290039,-0.032302856445,0.092727661133
0.011993408203,0.290481567383,0.083709716797,-0.025604248047,-0.021453857422,0.092010498047

0.101669311523,0.196304321289,0.015716552734,-0.002044677734,0.001785278320,-0.001541137695
0.109313964844,0.244552612305,0.054718017578,-0.009582519531,0.001998901367,-0.007049560547
0.133926391602,0.380737304688,0.092834472656,-0.019485473633,0.016159057617,-0.022933959961
0.119277954102,0.397857666016,0.135864257813,-0.024261474609,0.021392822266,-0.039596557617
0.116912841797,0.369537353516,0.108245849609,-0.013732910156,0.037597656250,-0.075683593750
0.052658081055,0.311889648438,0.057952880859,-0.010223388672,0.043624877930,-0.090560913086
0.003295898438,0.255844116211,0.004348754883,-0.004272460938,0.046569824219,-0.115173339844
-0.070449829102,0.113708496094,-0.087631225586,0.000595092773,0.036926269531,-0.120697021484
-0.082122802734,0.061157226563,-0.098114013672,0.001419067383,0.026229858398,-0.120956420898
-0.069000244141,-0.024703979492,-0.080795288086,-0.001464843750,0.009307861328,-0.110504150391
-0.050628662109,-0.018737792969,-0.069503784180,-0.004409790039,0.004852294922,-0.101104736328
-0.036956787109,-0.020507812500,-0.052047729492,0.004211425781,0.000137329102,-0.091339111328
-0.036865234375,-0.036712646484,-0.068923950195,0.012451171875,-0.000946044922,-0.090911865234
-0.063919067383,-0.097961425781,-0.122253417969,0.026260375977,-0.009140014648,-0.088546752930
-0.060623168945,-0.096008300781,-0.068908691406,0.025573730469,-0.018814086914,-0.083053588867
-0.037124633789,-0.302291870117,-0.032577514648,0.014541625977,-0.007354736328,-0.101501464844
-0.012649536133,-0.411300659180,-0.027511596680,0.015106201172,-0.008255004883,-0.091064453125
0.036895751953,-0.499938964844,-0.000244140625,-0.016403198242,-0.013961791992,-0.039443969727
0.051223754883,-0.499938964844,0.007858276367,-0.023132324219,-0.013854980469,-0.002990722656
0.040771484375,-0.377288818359,0.043945312500,-0.006256103516,-0.021392822266,0.068511962891
0.037216186523,-0.277069091797,0.035064697266,-0.001403808594,-0.023101806641,0.085998535156
0.017059326172,-0.178268432617,0.018417358398,0.004837036133,-0.017028808594,0.107482910156
0.011398315430,-0.041610717773,-0.008575439453,0.005187988281,-0.014633178711,0.109619140625
0.014999389648,0.009475708008,-0.008239746094,0.007171630859,-0.014526367188,0.102600097656
0.023788452148,0.082458496094,0.007232666016,0.018829345703,-0.016220092773,0.097183227539
0.032241821289,0.153869628906,0.058425903320,0.022445678711,-0.018890380859,0.092636108398
0.134155273438,0.499938964844,0.101959228516,0.014984130859,-0.004806518555,0.108001708984
0.175765991211,0.499938964844,0.111114501953,-0.007522583008,0.005905151367,0.076583862305
0.152328491211,0.434661865234,0.072601318359,-0.027694702148,0.027191162109,-0.028747558594
0.137512207031,0.369445800781,0.071258544922,-0.025619506836,0.030181884766,-0.053115844727
0.129058837891,0.307174682617,0.102859497070,-0.009902954102,0.034393310547,-0.085479736328
0.081954956055,0.163131713867,0.068405151367,-0.008056640625,0.037139892578,-0.092422485352
0.037445068359,0.123397827148,0.020355224609,-0.006652832031,0.037124633789,-0.094772338867
-0.017959594727,-0.006561279297,-0.057098388672,-0.016494750977,0.030471801758,-0.094055175781
-0.025955200195,-0.060775756836,-0.081298828125,-0.017837524414,0.023818969727,-0.090423583984
-0.030975341797,-0.129928588867,-0.094238281250,-0.013748168945,0.007492065430,-0.079299926758
-0.024154663086,-0.153839111328,-0.076385498047,-0.009155273438,-0.000442504883,-0.073638916016
-0.032119750977,-0.152572631836,-0.035079956055,0.009384155273,-0.013732910156,-0.060897827148
-0.014038085938,-0.256027221680,-0.024978637695,0.005111694336,-0.009017944336,-0.066085815430
-0.013107299805,-0.436141967773,-0.048171997070,0.003585815430,0.004211425781,-0.058395385742
-0.003860473633,-0.490921020508,-0.049621582031,0.001403808594,-0.000350952148,-0.034790039063
0.002532958984,-0.465957641602,-0.054489135742,-0.001922607422,-0.005950927734,0.029190063477
-0.015579223633,-0.379486083984,-0.071075439453,-0.004562377930,-0.007034301758,0.056015014648
-0.013580322266,-0.269805908203,-0.053298950195,-0.000198364258,-0.022933959961,0.081329345703
-0.012634277344,-0.207977294922,-0.033355712891,0.010253906250,-0.032241821289,0.091003417969
-0.000686645508,-0.097640991211,0.012252807617,0.028778076172,-0.041076660156,0.102569580078
-0.003692626953,-0.038803100586,0.035140991211,0.034927368164,-0.042602539063,0.104553222656
-0.004180908203,0.033447265625,0.098876953125,0.044052124023,-0.041427612305,0.098464965820
0.015869140625,0.073501586914,0.142715454102,0.049209594727,-0.040664672852,0.094192504883
0.028594970703,0.178405761719,0.170516967773,0.051086425781,-0.032806396484,0.099670410156
0.153228759766,0.499938964844,0.162872314453,-0.007705688477,-0.028350830078,0.106109619141
0.201110839844,0.499938964844,0.184051513672,-0.025070190430,-0.017700195313,0.067001342773
0.146514892578,0.435897827148,0.045394897461,-0.036224365234,0.038482666016,-0.024337768555
0.131484985352,0.337051391602,0.032562255859,-0.038452148438,0.034484863281,-0.044067382813
0.097274780273,0.235748291016,0.041305541992,-0.021865844727,0.021514892578,-0.065139770508
0.066574096680,0.199264526367,0.016616821289,-0.017303466797,0.023025512695,-0.072067260742
0.032638549805,0.084030151367,0.017715454102,-0.017562866211,0.016555786133,-0.084152221680
0.019943237305,0.031463623047,0.003921508789,-0.018066406250,0.015396118164,-0.086166381836
0.005355834961,-0.017440795898,-0.015548706055,-0.016632080078,0.013809204102,-0.084182739258
-0.006927490234,-0.118682861328,-0.039276123047,-0.015472412109,0.010848999023,-0.080596923828
-0.009811401367,-0.156646728516,-0.040756225586,-0.013000488281,0.006622314453,-0.074798583984
-0.001007080078,-0.251678466797,-0.012466430664,-0.009475708008,0.004150390625,-0.064147949219
0.017166137695,-0.344299316406,0.005447387695,-0.013229370117,0.006225585938,-0.058959960938
0.028167724609,-0.445831298828,-0.018646240234,-0.017639160156,0.013137817383,-0.023101806641
0.031173706055,-0.453308105469,-0.043258666992,-0.015319824219,0.011749267578,0.002075195313
0.024475097656,-0.365753173828,-0.053161621094,-0.006393432617,0.001632690430,0.047714233398
0.024002075195,-0.297683715820,-0.042205810547,0.000289916992,-0.003326416016,0.060546875000
0.023193359375,-0.202804565430,-0.018936157227,0.012939453125,-0.016601562500,0.076614379883
0.007263183594,-0.163574218750,-0.011810302734,0.018386840820,-0.022949218750,0.083068847656
0.014709472656,-0.082931518555,0.016510009766,0.030563354492,-0.032211303711,0.093399047852
0.002868652344,-0.033493041992,0.036361694336,0.034088134766,-0.033462524414,0.097442626953
0.007644653320,0.017257690430,0.062683105469,0.041000366211,-0.034179687500,0.097503662109
0.027969360352,0.163879394531,0.128860473633,0.043838500977,-0.036605834961,0.095657348633
0.059494018555,0.316955566406,0.140640258789,0.037033081055,-0.036254882813,0.093978881836
0.154449462891,0.499938964844,0.115982055664,-0.007797241211,-0.019699096680,0.060195922852
0.169860839844,0.499938964844,0.139099121094,-0.019897460938,-0.005187988281,0.023345947266
0.147628784180,0.359710693359,0.076751708984,-0.048736572266,0.029693603516,-0.029678344727
0.139221191406,0.319213867188,0.077133178711,-0.044265747070,0.028137207031,-0.044662475586
0.092697143555,0.263442993164,0.046310424805,-0.013854980469,0.023757934570,-0.070373535156
0.067901611328,0.195037841797,0.036911010742,-0.011840820313,0.026168823242,-0.081817626953
0.028762817383,0.083312988281,0.010848999023,-0.010772705078,0.028717041016,-0.090942382813
0.020492553711,0.043685913086,-0.002136230469,-0.009826660156,0.027496337891,-0.091186523438
0.009567260742,0.013870239258,-0.021087646484,-0.010116577148,0.023010253906,-0.089080810547
-0.006301879883,-0.072326660156,-0.034271240234,-0.010208129883,0.021591186523,-0.085205078125
-0.011245727539,-0.121154785156,-0.047454833984,-0.006668090820,0.018646240234,-0.080993652344
-0.015838623047,-0.208724975586,-0.079879760742,0.006866455078,0.010421752930,-0.065155029297
-0.013610839844,-0.236145019531,-0.084930419922,0.013412475586,0.004821777344,-0.052642822266
0.017395019531,-0.291198730469,-0.069854736328,0.003143310547,0.005325317383,-0.042587280273
0.014266967773,-0.327651977539,-0.071563720703,0.005737304688,0.003250122070,-0.036499023438
0.026046752930,-0.406524658203,-0.066345214844,0.005432128906,-0.010147094727,-0.006042480469
0.021972656250,-0.424407958984,-0.070266723633,-0.000427246094,-0.015106201172,0.014251708984
0.013656616211,-0.360183715820,-0.056640625000,-0.007385253906,-0.028396606445,0.055526733398
0.001464843750,-0.302932739258,-0.026199340820,-0.006240844727,-0.036315917969,0.071533203125
0.005371093750,-0.239776611328,0.015930175781,0.004547119141,-0.045257568359,0.097610473633
-0.008697509766,-0.115921020508,0.026092529297,0.015029907227,-0.048049926758,0.106018066406
-0.004241943359,-0.063842773438,0.040710449219,0.019638061523,-0.053451538086,0.113311767578
-0.021697998047,0.018676757813,0.079452514648,0.026733398438,-0.050903320313,0.113601684570
-0.019943237305,0.049087524414,0.091506958008,0.031372070313,-0.045883178711,0.112960815430
-0.009750366211,0.094238281250,0.110275268555,0.039474487305,-0.034225463867,0.104125976563
-0.007858276367,0.126144409180,0.119293212891,0.044158935547,-0.032669067383,0.098632812500
-0.024902343750,0.216522216797,0.153747558594,0.009338378906,-0.031906127930,0.101745605469
0.024841308594,0.325820922852,0.130676269531,-0.028121948242,-0.020446777344,0.106491088867
0.069854736328,0.420715332031,0.005905151367,-0.029144287109,0.000488281250,0.081451416016
0.078582763672,0.389617919922,-0.015243530273,-0.026184082031,-0.000823974609,0.050064086914

0.094940185547,0.151824951172,0.070617675781,-0.020874023438,0.009368896484,0.019836425781
0.098724365234,0.175277709961,0.087066650391,-0.019653320313,0.009338378906,0.014083862305
0.094161987305,0.234771728516,0.090774536133,-0.014724731445,0.015090942383,0.003250122070
0.095352172852,0.261947631836,0.090423583984,-0.013137817383,0.019119262695,-0.002975463867
0.098220825195,0.275192260742,0.097000122070,-0.014007568359,0.021652221680,-0.023376464844
0.094406127930,0.273376464844,0.102172851563,-0.009735107422,0.028366088867,-0.034927368164
0.082809448242,0.259155273438,0.085067749023,-0.009857177734,0.033309936523,-0.048110961914
0.048187255859,0.239151000977,0.045059204102,-0.014953613281,0.039505004883,-0.072021484375
0.024932861328,0.227508544922,0.020797729492,-0.025115966797,0.042007446289,-0.082092285156
-0.015792846680,0.185882568359,-0.009796142578,-0.034515380859,0.038757324219,-0.103408813477
-0.035888671875,0.139465332031,-0.038772583008,-0.025421142578,0.036087036133,-0.115066528320
-0.056945800781,0.052719116211,-0.075393676758,-0.007644653320,0.026000976563,-0.130966186523
-0.061691284180,0.039932250977,-0.069976806641,0.007293701172,0.019317626953,-0.132812500000
-0.073181152344,0.016128540039,-0.093582153320,0.029678344727,0.013458251953,-0.134963989258
-0.094619750977,-0.045410156250,-0.115264892578,0.027664184570,0.010437011719,-0.134109497070
-0.109832763672,-0.082595825195,-0.132827758789,0.013046264648,-0.002731323242,-0.125762939453
-0.114700317383,-0.314987182617,-0.199829101563,0.035064697266,-0.009689331055,-0.126861572266
-0.100051879883,-0.337844848633,-0.114303588867,0.030227661133,-0.021133422852,-0.120864868164
-0.059814453125,-0.499938964844,-0.082794189453,-0.012969970703,-0.021148681641,-0.069931030273
-0.055465698242,-0.499938964844,-0.082611083984,-0.022994995117,-0.018249511719,-0.016937255859
-0.033996582031,-0.429885864258,0.016967773438,-0.027847290039,-0.025390625000,0.066528320313
-0.034225463867,-0.302795410156,0.019714355469,-0.030838012695,-0.022506713867,0.092926025391
-0.013244628906,-0.122299194336,0.026473999023,-0.022628784180,-0.014785766602,0.116577148438
0.001052856445,-0.072540283203,0.020660400391,-0.015701293945,-0.009231567383,0.114501953125
0.019775390625,-0.014236450195,0.003097534180,-0.010528564453,-0.003143310547,0.104736328125
0.032272338867,0.022399902344,0.027740478516,-0.014114379883,-0.004592895508,0.102951049805
0.079986572266,0.157852172852,0.109603881836,-0.040084838867,-0.001525878906,0.107681274414
0.108169555664,0.203323364258,0.111679077148,-0.050247192383,0.009567260742,0.109298706055
0.127380371094,0.240829467773,0.029998779297,-0.063034057617,0.031799316406,0.102478027344
0.157730102539,0.393661499023,-0.039825439453,-0.065155029297,0.040893554688,0.070510864258
0.175704956055,0.454452514648,-0.073654174805,-0.048446655273,0.039215087891,0.036712646484
0.150207519531,0.473876953125,-0.050933837891,0.000167846680,0.017929077148,-0.026931762695
0.105957031250,0.349975585938,-0.048522949219,0.020339965820,0.011367797852,-0.060211181641
0.037567138672,0.156814575195,-0.084320068359,0.028396606445,0.006546020508,-0.092483520508
0.023452758789,0.098159790039,-0.088897705078,0.027359008789,0.003143310547,-0.097290039063
0.011108398438,0.041992187500,-0.080032348633,0.028823852539,-0.002090454102,-0.098495483398
0.002197265625,0.016983032227,-0.088455200195,0.032699584961,-0.003555297852,-0.097427368164
-0.006195068359,-0.016387939453,-0.091613769531,0.027221679688,-0.011474609375,-0.090805053711
-0.030456542969,-0.063796997070,-0.048339843750,0.025451660156,-0.014587402344,-0.085617065430
-0.033843994141,-0.135284423828,-0.042572021484,0.017227172852,-0.004165649414,-0.087661743164
-0.021804809570,-0.313888549805,-0.065765380859,-0.008712768555,-0.003875732422,-0.083435058594
-0.048339843750,-0.429565429687,-0.057830810547,-0.022506713867,-0.006652832031,-0.084457397461
0.001739501953,-0.499938964844,-0.006591796875,-0.021850585938,-0.010406494141,-0.000869750977
0.006973266602,-0.442810058594,0.025588989258,-0.008972167969,-0.011383056641,0.040679931641
0.002853393555,-0.300949096680,0.005737304688,-0.000854492188,-0.007339477539,0.087066650391
0.003250122070,-0.211425781250,0.000549316406,-0.000778198242,-0.007308959961,0.101242065430
0.023025512695,-0.082473754883,0.010650634766,0.002777099609,-0.008666992188,0.103485107422
0.037002563477,-0.048049926758,0.013839721680,0.004394531250,-0.008987426758,0.098220825195
0.057449340820,0.024383544922,0.040557861328,0.008392333984,-0.011734008789,0.087158203125
0.069046020508,0.066268920898,0.063415527344,0.006607055664,-0.013031005859,0.083236694336
0.097183227539,0.147109985352,0.078979492188,-0.005142211914,-0.006958007813,0.075912475586
0.109344482422,0.176025390625,0.071075439453,-0.010864257813,-0.003067016602,0.072555541992
0.127731323242,0.197753906250,0.088851928711,-0.054153442383,0.020828247070,0.077835083008
0.162384033203,0.418487548828,-0.004776000977,-0.057327270508,0.028976440430,0.074127197266
0.155288696289,0.499938964844,-0.022827148438,-0.044952392578,0.027404785156,0.042663574219
0.134826660156,0.421508789062,-0.018295288086,-0.000595092773,0.011566162109,-0.037246704102
0.093719482422,0.298583984375,-0.024368286133,0.017257690430,0.006835937500,-0.065856933594
0.040695190430,0.132400512695,-0.070281982422,0.027603149414,0.006134033203,-0.087814331055
0.028778076172,0.090072631836,-0.085128784180,0.024520874023,0.005218505859,-0.088546752930
0.023773193359,0.034255981445,-0.066238403320,0.016296386719,-0.001358032227,-0.086807250977
0.022994995117,0.025711059570,-0.052444458008,0.016189575195,-0.003036499023,-0.085006713867
0.015136718750,0.006759643555,-0.051040649414,0.024826049805,-0.002944946289,-0.082153320313
-0.004516601563,-0.039733886719,-0.045898437500,0.021408081055,0.000152587891,-0.082107543945
-0.013748168945,-0.115356445313,-0.069305419922,0.014434814453,0.005538940430,-0.085739135742
-0.011718750000,-0.298217773438,-0.084350585938,-0.000793457031,0.000457763672,-0.076828002930
-0.007095336914,-0.331115722656,-0.063110351563,-0.010147094727,-0.005065917969,-0.075271606445
0.040084838867,-0.499938964844,-0.040481567383,-0.007492065430,-0.008880615234,-0.021835327148
-0.010940551758,-0.495178222656,0.002655029297,-0.016616821289,-0.008911132813,0.028640747070
0.002502441406,-0.293395996094,-0.041519165039,-0.013092041016,-0.001235961914,0.089538574219
0.007400512695,-0.188461303711,-0.046722412109,-0.001770019531,-0.004211425781,0.102783203125
0.045318603516,-0.073898315430,-0.014450073242,0.001541137695,-0.017227172852,0.097503662109
0.042205810547,-0.064331054688,0.021591186523,0.010772705078,-0.024063110352,0.087402343750
0.054779052734,0.017807006836,0.046325683594,0.001342773438,-0.020690917969,0.082595825195
0.065994262695,0.066818237305,0.064071655273,-0.007614135742,-0.018249511719,0.080398559570
0.083633422852,0.121948242188,0.088363647461,-0.012985229492,-0.014526367188,0.072326660156
0.110916137695,0.191024780273,0.122482299805,-0.017776489258,-0.006118774414,0.074096679688
0.124023437500,0.216873168945,0.111984252930,-0.037399291992,0.008270263672,0.081344604492
0.146163940430,0.397918701172,-0.004272460938,-0.058486938477,0.032775878906,0.051055908203
0.165618896484,0.423355102539,-0.015411376953,-0.051254272461,0.027603149414,0.023178100586
0.143966674805,0.411331176758,-0.000732421875,-0.007263183594,0.013076782227,-0.028274536133
0.107223510742,0.315338134766,-0.016220092773,0.012237548828,0.011276245117,-0.055740356445
0.055206298828,0.183837890625,-0.051483154297,0.022583007813,0.011886596680,-0.081130981445
0.034881591797,0.150619506836,-0.071716308594,0.024307250977,0.012481689453,-0.086303710938
0.018753051758,0.084381103516,-0.063064575195,0.023315429688,0.007003784180,-0.092300415039
0.014404296875,0.060806274414,-0.051010131836,0.022628784180,0.004394531250,-0.093322753906
0.010528564453,0.048385620117,-0.043243408203,0.023895263672,0.003204345703,-0.092056274414
-0.014343261719,0.038589477539,-0.031539916992,0.031738281250,0.004150390625,-0.090515136719
-0.033126831055,0.031921386719,-0.028961181641,0.029296875000,0.010009765625,-0.094024658203
-0.065887451172,-0.102859497070,-0.105102539063,0.026489257813,0.023391723633,-0.109848022461
-0.077789306641,-0.160919189453,-0.113616943359,0.025390625000,0.019149780273,-0.106765747070
-0.066452026367,-0.322143554688,-0.114364624023,0.020553588867,0.006820678711,-0.093353271484
-0.080154418945,-0.371566772461,-0.108184814453,0.006759643555,0.001846313477,-0.092590332031
-0.006484985352,-0.499938964844,-0.136169433594,-0.012725830078,-0.002563476563,-0.025253295898
-0.052597045898,-0.499938964844,-0.084228515625,-0.027343750000,-0.008178710938,0.022323608398
-0.060073852539,-0.443634033203,-0.067825317383,-0.014373779297,-0.015457153320,0.088729858398
-0.049438476563,-0.301055908203,-0.080352783203,0.002899169922,-0.022384643555,0.112670898438
-0.043487548828,-0.120300292969,-0.042846679688,0.003204345703,-0.038574218750,0.117630004883
-0.041198730469,-0.077926635742,-0.036102294922,-0.006301879883,-0.037994384766,0.110015869141
-0.030288696289,-0.039581298828,-0.031890869141,-0.005691528320,-0.036514282227,0.101318359375
-0.029342651367,-0.028137207031,-0.021041870117,-0.004394531250,-0.038192749023,0.101058959961
-0.041168212891,0.032180786133,0.006164550781,-0.000823974609,-0.040374755859,0.101959228516
-0.038116455078,0.070556640625,0.009750366211,-0.004028320313,-0.039718627930,0.101669311523
-0.027404785156,0.119262695313,0.050384521484,-0.009887695313,-0.042602539063,0.094711303711
-0.019439697266,0.138244628906,0.084838867188,-0.044052124023,-0.033462524414,0.091827392578

0.137420654297,0.183212280273,0.044387817383,0.010696411133,-0.009216308594,0.002578735352
0.168182373047,0.261047363281,0.069641113281,0.009887695313,-0.008041381836,-0.002944946289
0.238662719727,0.388397216797,0.156890869141,-0.009933471680,0.005691528320,-0.022720336914
0.233612060547,0.424743652344,0.212509155273,-0.019699096680,0.016723632813,-0.039321899414
0.202072143555,0.395507812500,0.145751953125,-0.004928588867,0.041793823242,-0.086837768555
0.080627441406,0.319854736328,0.065246582031,0.011154174805,0.048767089844,-0.101409912109
0.018127441406,0.263000488281,0.004562377930,0.021118164063,0.048614501953,-0.115844726563
-0.085861206055,0.125289916992,-0.084381103516,0.027252197266,0.041030883789,-0.132797241211
-0.099868774414,0.053421020508,-0.096374511719,0.025482177734,0.032760620117,-0.134307861328
-0.093856811523,-0.036575317383,-0.082199096680,0.029052734375,0.018051147461,-0.122070312500
-0.093719482422,-0.050354003906,-0.067901611328,0.029541015625,0.013839721680,-0.111587524414
-0.097396850586,-0.086395263672,-0.091705322266,0.034591674805,0.012557983398,-0.096054077148
-0.105117797852,-0.121047973633,-0.103515625000,0.036071777344,0.012619018555,-0.090240478516
-0.113357543945,-0.281097412109,-0.095520019531,0.023757934570,0.009979248047,-0.082046508789
-0.087432861328,-0.342910766602,-0.106964111328,0.014343261719,0.009170532227,-0.078399658203
-0.061279296875,-0.499938964844,-0.094879150391,0.000473022461,-0.001113891602,-0.053588867188
-0.097900390625,-0.499938964844,-0.062362670898,-0.010833740234,-0.003204345703,-0.005874633789
-0.094345092773,-0.405288696289,-0.070220947266,-0.022766113281,-0.004043579102,0.055084228516
-0.044433593750,-0.286254882813,-0.094253540039,-0.007476806641,-0.011459350586,0.075454711914
-0.013824462891,-0.161605834961,-0.024810791016,-0.013198852539,-0.034713745117,0.091232299805
0.000686645508,-0.111984252930,0.001266479492,-0.007507324219,-0.039733886719,0.092529296875
0.011062622070,-0.065872192383,0.018112182617,0.003616333008,-0.038726806641,0.090072631836
0.019561767578,0.001037597656,0.037124633789,0.006057739258,-0.039138793945,0.087600708008
0.023681640625,0.039367675781,0.064254760742,0.008346557617,-0.039642333984,0.085418701172
0.072875976563,0.184341430664,0.152450561523,0.003479003906,-0.040313720703,0.086639404297
0.166870117188,0.233001708984,0.202041625977,-0.011871337891,-0.036911010742,0.101364135742
0.224014282227,0.499938964844,0.221084594727,-0.030426025391,-0.005752563477,0.067108154297
0.229003906250,0.449218750000,0.113845825195,-0.040512084961,0.024139404297,0.011993408203
0.169250488281,0.308883666992,0.042480468750,-0.028656005859,0.030502319336,-0.036941528320
0.147903442383,0.260238647461,0.034927368164,-0.015777587891,0.024047851563,-0.052749633789
0.125701904297,0.213211059570,0.037704467773,-0.000259399414,0.021163940430,-0.074951171875
0.087554931641,0.103164672852,0.021942138672,0.005844116211,0.023834228516,-0.081024169922
0.064971923828,0.068572998047,0.001358032227,0.013992309570,0.024948120117,-0.083557128906
0.024200439453,-0.004226684570,-0.020446777344,0.025909423828,0.022125244141,-0.087692260742
0.011444091797,-0.040496826172,-0.034927368164,0.029296875000,0.021667480469,-0.087615966797
-0.011856079102,-0.089248657227,-0.073257446289,0.036849975586,0.018524169922,-0.078735351563
-0.020248413086,-0.096069335938,-0.083724975586,0.036163330078,0.017898559570,-0.074172973633
-0.039031982422,-0.156829833984,-0.132843017578,0.029129028320,0.020675659180,-0.076171875000
-0.047515869141,-0.198348999023,-0.137084960938,0.025421142578,0.015914916992,-0.073196411133
-0.050796508789,-0.304275512695,-0.123901367188,0.020858764648,0.001541137695,-0.057968139648
-0.049514770508,-0.330841064453,-0.124771118164,0.014831542969,-0.003494262695,-0.049652099609
-0.023803710938,-0.457748413086,-0.135681152344,-0.004989624023,-0.013031005859,-0.021408081055
-0.072402954102,-0.385787963867,-0.095764160156,-0.011474609375,-0.019165039063,0.018280029297
-0.047271728516,-0.279937744141,-0.125137329102,-0.005752563477,-0.026489257813,0.055847167969
-0.035324096680,-0.207687377930,-0.114471435547,-0.000350952148,-0.036666870117,0.066543579102
-0.009323120117,-0.146163940430,-0.029937744141,-0.006378173828,-0.058364868164,0.072692871094
-0.004318237305,-0.134780883789,-0.005523681641,0.000946044922,-0.062210083008,0.072952270508
-0.004486083984,-0.111602783203,0.009475708008,0.008468627930,-0.064056396484,0.078857421875
-0.008789062500,-0.063232421875,0.054214477539,0.008148193359,-0.064590454102,0.081787109375
-0.013031005859,-0.036834716797,0.094375610352,0.006729125977,-0.064788818359,0.088134765625
0.030838012695,0.078887939453,0.187286376953,-0.004257202148,-0.061752319336,0.087768554688
0.084213256836,0.143493652344,0.244125366211,-0.025894165039,-0.057052612305,0.092102050781
0.225265502930,0.438537597656,0.269607543945,-0.085159301758,-0.003448486328,0.119094848633
0.215270996094,0.499938964844,0.158721923828,-0.071533203125,0.027557373047,0.087600708008
0.221023559570,0.465454101562,0.120147705078,-0.053894042969,0.029891967773,0.002563476563
0.181976318359,0.396820068359,0.110733032227,-0.031280517578,0.028289794922,-0.027511596680
0.110748291016,0.254516601563,0.032058715820,0.002243041992,0.034576416016,-0.069549560547
0.084274291992,0.193969726563,0.001708984375,0.008087158203,0.034240722656,-0.080551147461
0.065826416016,0.144668579102,-0.005493164063,0.009582519531,0.027465820313,-0.090042114258
0.032363891602,0.056076049805,-0.001663208008,0.011611938477,0.026184082031,-0.091506958008
0.019912719727,0.031509399414,-0.009078979492,0.015731811523,0.026473999023,-0.091201782227
-0.009185791016,-0.017593383789,-0.024780273438,0.026718139648,0.025405883789,-0.091033935547
-0.022232055664,-0.036422729492,-0.038146972656,0.031219482422,0.025421142578,-0.089706420898
-0.052642822266,-0.109649658203,-0.086761474609,0.047042846680,0.023574829102,-0.086074829102
-0.060455322266,-0.142486572266,-0.078842163086,0.049530029297,0.019195556641,-0.080520629883
-0.063415527344,-0.232177734375,-0.119384765625,0.022583007813,0.027313232422,-0.076477050781
-0.065414428711,-0.277786254883,-0.141860961914,0.016250610352,0.025985717773,-0.070800781250
-0.064422607422,-0.348297119141,-0.163177490234,0.020202636719,0.009246826172,-0.052886962891
-0.078948974609,-0.431030273437,-0.177429199219,0.018081665039,0.000823974609,-0.045776367188
-0.070724487305,-0.372222900391,-0.173034667969,-0.004943847656,-0.017318725586,0.019607543945
-0.099533081055,-0.343063354492,-0.130401611328,-0.017288208008,-0.027267456055,0.038146972656
-0.059463500977,-0.246963500977,-0.124328613281,-0.006668090820,-0.043228149414,0.061386108398
-0.045822143555,-0.196929931641,-0.094345092773,-0.009460449219,-0.054962158203,0.069366455078
-0.032089233398,-0.156112670898,-0.021728515625,-0.008544921875,-0.071624755859,0.075942993164
-0.028213500977,-0.119400024414,0.009216308594,-0.004165649414,-0.075317382813,0.079971313477
-0.023208618164,-0.053710937500,0.067398071289,-0.002487182617,-0.074386596680,0.086090087891
-0.021743774414,-0.040588378906,0.091064453125,-0.004684448242,-0.070358276367,0.087615966797
-0.017990112305,-0.008895874023,0.140563964844,-0.008438110352,-0.059844970703,0.091110229492
0.000350952148,0.039520263672,0.165390014648,-0.012771606445,-0.055130004883,0.093307495117
0.001434326172,0.089248657227,0.240081787109,-0.073425292969,-0.012481689453,0.103515625000
0.104110717773,0.243118286133,0.152877807617,-0.080749511719,0.006774902344,0.109924316406
0.192550659180,0.417846679687,0.153106689453,-0.092575073242,0.010910034180,0.120452880859
0.233154296875,0.499938964844,0.211364746094,-0.063201904297,0.017822265625,0.059310913086
0.191680908203,0.499938964844,0.151458740234,-0.042526245117,0.034515380859,0.012115478516
0.085449218750,0.367782592773,-0.008743286133,-0.009033203125,0.045486450195,-0.060897827148
0.067504882813,0.264083862305,-0.039764404297,-0.006729125977,0.037429809570,-0.083267211914
0.068222045898,0.126892089844,-0.006210327148,-0.007110595703,0.018203735352,-0.096710205078
0.067428588867,0.103927612305,0.015014648438,-0.005218505859,0.014495849609,-0.092422485352
0.053100585938,0.113128662109,0.045684814453,-0.001937866211,0.012802124023,-0.087600708008
0.031112670898,0.087783813477,0.053741455078,0.001327514648,0.014343261719,-0.091171264648
0.003524780273,0.048034667969,0.048309326172,0.010086059570,0.020462036133,-0.100128173828
-0.043350219727,-0.042724609375,0.004852294922,0.016082763672,0.022994995117,-0.101943969727
-0.059967041016,-0.091033935547,-0.024505615234,0.021728515625,0.020294189453,-0.095108032227
-0.073577880859,-0.209426879883,-0.074401855469,0.030975341797,0.020553588867,-0.088012695313
-0.073181152344,-0.255752563477,-0.083724975586,0.038223266602,0.014038085938,-0.076156616211
-0.046722412109,-0.298385620117,-0.074935913086,0.025970458984,0.017456054688,-0.056350708008
-0.046096801758,-0.326049804688,-0.106811523438,0.023666381836,0.023223876953,-0.055877685547
-0.049453735352,-0.470001220703,-0.137573242188,0.013244628906,0.013137817383,-0.038345336914
-0.024826049805,-0.445236206055,-0.176193237305,0.009796142578,0.005493164063,-0.002593994141
-0.060455322266,-0.327774047852,-0.116561889648,-0.012680053711,-0.013183593750,0.041580200195
-0.065933227539,-0.300033569336,-0.104675292969,-0.013397216797,-0.017486572266,0.050704956055
-0.043991088867,-0.201538085938,-0.100021362305,-0.005447387695,-0.031234741211,0.067932128906
-0.035644531250,-0.164505004883,-0.078018188477,-0.008193969727,-0.039978027344,0.074264526367
-0.027709960938,-0.112213134766,-0.035507202148,-0.009841918945,-0.054214477539,0.079635620117

0.126403808594,0.135009765625,0.085571289063,0.005416870117,-0.000152587891,0.001174926758
0.145797729492,0.161956787109,0.097229003906,0.007598876953,0.000442504883,-0.003997802734
0.175994873047,0.220336914063,0.108734130859,0.008773803711,0.005004882813,-0.020156860352
0.192550659180,0.256576538086,0.123428344727,0.004776000977,0.007598876953,-0.030334472656
0.207656860352,0.291763305664,0.149688720703,-0.001174926758,0.010772705078,-0.042221069336
0.176010131836,0.286956787109,0.211730957031,-0.006240844727,0.024322509766,-0.074356079102
0.121032714844,0.261749267578,0.196884155273,-0.002975463867,0.035552978516,-0.091308593750
0.006988525391,0.167251586914,0.098342895508,0.015167236328,0.055465698242,-0.116958618164
-0.022567749023,0.127929687500,0.043975830078,0.022491455078,0.059188842773,-0.122131347656
-0.043045043945,0.082763671875,-0.006591796875,0.027542114258,0.052185058594,-0.121719360352
-0.056320190430,0.015335083008,-0.061248779297,0.024581909180,0.042129516602,-0.116958618164
-0.057266235352,-0.030624389648,-0.070632934570,0.021041870117,0.032699584961,-0.110763549805
-0.044448852539,-0.096725463867,-0.085067749023,0.012771606445,0.016067504883,-0.090316772461
-0.033386230469,-0.098464965820,-0.077163696289,0.008712768555,0.006317138672,-0.078247070313
-0.035339355469,-0.127456665039,-0.072097778320,0.010330200195,-0.006225585938,-0.061965942383
-0.040527343750,-0.170883178711,-0.073562622070,0.010986328125,-0.010482788086,-0.054031372070
-0.040313720703,-0.279525756836,-0.016586303711,0.008590698242,-0.024566650391,-0.025375366211
-0.021026611328,-0.324539184570,0.057052612305,0.003982543945,-0.021667480469,-0.012039184570
-0.011871337891,-0.381591796875,0.031661987305,0.010330200195,0.017883300781,0.000289916992
-0.036148071289,-0.425491333008,-0.049682617188,0.004150390625,0.018844604492,0.020706176758
-0.036376953125,-0.377471923828,-0.043106079102,-0.002700805664,0.006988525391,0.048294067383
-0.021697998047,-0.227035522461,-0.017593383789,-0.002456665039,-0.016189575195,0.086669921875
-0.007675170898,-0.181640625000,-0.004913330078,-0.002685546875,-0.025009155273,0.095077514648
0.004699707031,-0.081268310547,0.008972167969,0.001342773438,-0.036590576172,0.100921630859
0.010604858398,-0.043029785156,0.018966674805,0.004547119141,-0.041442871094,0.098754882813
0.015518188477,-0.010040283203,0.036132812500,0.010025024414,-0.045898437500,0.092056274414
0.025421142578,0.037841796875,0.062454223633,0.013549804688,-0.043594360352,0.087554931641
0.027786254883,0.057189941406,0.072158813477,0.015884399414,-0.040771484375,0.082061767578
0.046310424805,0.120147705078,0.120727539063,0.016693115234,-0.038391113281,0.069808959961
0.073150634766,0.163665771484,0.135833740234,0.013336181641,-0.035140991211,0.063186645508
0.185592651367,0.340972900391,0.166091918945,-0.007141113281,-0.027969360352,0.058929443359
0.242691040039,0.476440429687,0.215576171875,-0.021209716797,-0.022903442383,0.040512084961
0.272247314453,0.499938964844,0.260803222656,-0.036788940430,-0.006713867188,-0.024261474609
0.163452148438,0.348999023438,0.182022094727,-0.014282226563,0.043502807617,-0.065353393555
0.103134155273,0.232910156250,0.118362426758,-0.007217407227,0.058074951172,-0.087753295898
0.038925170898,0.152145385742,0.037445068359,0.001647949219,0.060974121094,-0.096557617188
0.019058227539,0.098312377930,0.009643554688,0.001953125000,0.058151245117,-0.099456787109
0.008773803711,0.054794311523,-0.003906250000,-0.003555297852,0.045974731445,-0.095031738281
0.017257690430,0.006240844727,0.001602172852,-0.003570556641,0.038269042969,-0.090362548828
0.013687133789,-0.008132934570,0.006423950195,-0.000442504883,0.031448364258,-0.087738037109
-0.001571655273,-0.044067382813,-0.010726928711,0.004440307617,0.026626586914,-0.082275390625
-0.013977050781,-0.080703735352,-0.025772094727,0.006942749023,0.024200439453,-0.078979492188
-0.034088134766,-0.178054809570,-0.053985595703,0.010833740234,0.014968872070,-0.064834594727
-0.036132812500,-0.232711791992,-0.056716918945,0.009857177734,0.007858276367,-0.051681518555
-0.029602050781,-0.294326782227,-0.057266235352,0.008972167969,-0.006179809570,-0.015823364258
-0.001525878906,-0.327560424805,0.014297485352,0.005096435547,-0.011184692383,0.005661010742
0.011901855469,-0.361602783203,-0.010391235352,0.002288818359,0.004776000977,0.006713867188
-0.025146484375,-0.379272460938,-0.130767822266,0.013870239258,0.016845703125,0.019287109375
-0.023574829102,-0.327209472656,-0.110061645508,0.005065917969,-0.002655029297,0.041976928711
-0.017562866211,-0.222290039063,-0.043228149414,0.000274658203,-0.033691406250,0.074096679688
0.001312255859,-0.178115844727,-0.026809692383,0.003936767578,-0.042007446289,0.081222534180
0.006774902344,-0.104644775391,-0.003723144531,0.012527465820,-0.053070068359,0.082687377930
0.009841918945,-0.074218750000,0.012237548828,0.016159057617,-0.058929443359,0.082916259766
0.013900756836,-0.038116455078,0.036636352539,0.018203735352,-0.064682006836,0.082443237305
0.028610229492,0.021743774414,0.077743530273,0.015991210938,-0.060638427734,0.079879760742
0.039398193359,0.059631347656,0.104309082031,0.013214111328,-0.056396484375,0.075958251953
0.092666625977,0.178314208984,0.183547973633,-0.006835937500,-0.050720214844,0.063796997070
0.135437011719,0.263320922852,0.214065551758,-0.021118164063,-0.044448852539,0.054382324219
0.222442626953,0.451126098633,0.263626098633,-0.045715332031,-0.019775390625,0.024032592773
0.231369018555,0.454574584961,0.252853393555,-0.039123535156,0.000717163086,-0.002929687500
0.200424194336,0.389083862305,0.235717773438,-0.030334472656,0.040039062500,-0.058441162109
0.109680175781,0.210876464844,0.118698120117,-0.008193969727,0.054626464844,-0.076858520508
0.076736450195,0.147171020508,0.051757812500,-0.000839233398,0.061431884766,-0.086242675781
0.060546875000,0.065856933594,-0.007904052734,-0.000595092773,0.054992675781,-0.088821411133
0.054061889648,0.048782348633,-0.002532958984,-0.004302978516,0.047119140625,-0.085098266602
0.030761718750,-0.000106811523,-0.024612426758,0.003982543945,0.035354614258,-0.078262329102
0.022415161133,-0.022460937500,-0.025054931641,0.004684448242,0.028442382813,-0.075302124023
0.013748168945,-0.047225952148,-0.024078369141,0.009292602539,0.021575927734,-0.068801879883
-0.008697509766,-0.130203247070,-0.046249389648,0.009780883789,0.018249511719,-0.063735961914
-0.015380859375,-0.183715820313,-0.052841186523,0.009063720703,0.012145996094,-0.055252075195
-0.009246826172,-0.292465209961,-0.040740966797,0.002273559570,-0.001235961914,-0.029220581055
-0.001449584961,-0.335067749023,-0.050918579102,0.001037597656,-0.006362915039,-0.011306762695
0.033233642578,-0.301177978516,-0.000900268555,-0.002792358398,-0.000625610352,0.007080078125
0.021865844727,-0.350967407227,-0.053466796875,0.001708984375,0.013412475586,0.001327514648
0.007095336914,-0.316665649414,-0.054290771484,-0.002182006836,-0.001739501953,0.031631469727
0.010192871094,-0.281494140625,-0.034423828125,-0.004745483398,-0.012634277344,0.049743652344
0.006851196289,-0.246582031250,-0.019424438477,-0.009582519531,-0.023178100586,0.071640014648
0.000762939453,-0.166275024414,-0.001602172852,-0.008926391602,-0.024429321289,0.078277587891
0.007904052734,-0.131088256836,0.003646850586,-0.005249023438,-0.026641845703,0.083389282227
0.009552001953,-0.047088623047,0.040603637695,0.002670288086,-0.033569335938,0.092697143555
0.013107299805,-0.005767822266,0.066375732422,0.009475708008,-0.035339355469,0.093688964844
0.031219482422,0.077392578125,0.112030029297,0.016510009766,-0.033859252930,0.089385986328
0.053619384766,0.132339477539,0.135528564453,0.013687133789,-0.031372070313,0.084457397461
0.158615112305,0.324676513672,0.198928833008,-0.012786865234,-0.022216796875,0.070556640625
0.194381713867,0.415695190430,0.209274291992,-0.019943237305,-0.009857177734,0.055755615234
0.214584350586,0.448043823242,0.171157836914,-0.018554687500,0.022186279297,-0.002151489258
0.197296142578,0.389068603516,0.130737304688,-0.021911621094,0.034805297852,-0.026702880859
0.176467895508,0.338745117188,0.099777221680,-0.024948120117,0.047210693359,-0.048171997070
0.104232788086,0.235580444336,0.017929077148,-0.015991210938,0.054870605469,-0.082855224609
0.070571899414,0.167861938477,-0.019287109375,-0.010528564453,0.051849365234,-0.094558715820
0.056610107422,0.042007446289,-0.040710449219,-0.010299682617,0.032302856445,-0.100646972656
0.048965454102,0.037872314453,-0.029586791992,-0.004776000977,0.021438598633,-0.090759277344
0.026092529297,0.006378173828,-0.042984008789,0.004379272461,0.007629394531,-0.083419799805
0.016403198242,-0.010635375977,-0.032424926758,0.009048461914,0.000183105469,-0.082534790039
0.003173828125,-0.038162231445,-0.040969848633,0.018096923828,-0.005645751953,-0.080505371094
-0.022232055664,-0.121932983398,-0.049285888672,0.018249511719,-0.008331298828,-0.074966430664
-0.029769897461,-0.169097900391,-0.048049926758,0.012222290039,-0.017684936523,-0.055755615234
-0.030929565430,-0.261413574219,-0.036270141602,0.008377075195,-0.021148681641,-0.042724609375
-0.023376464844,-0.308685302734,-0.040374755859,0.004745483398,-0.023895263672,-0.026962280273
0.011947631836,-0.291000366211,0.062850952148,-0.004409790039,-0.019866943359,-0.002853393555
0.017044067383,-0.354431152344,-0.001739501953,-0.001129150391,0.005081176758,-0.011230468750
0.005233764648,-0.337768554688,-0.034942626953,-0.001281738281,0.003463745117,0.016571044922
0.006179809570,-0.302947998047,-0.024658203125,-0.001617431641,-0.005310058594,0.037536621094
0.010238647461,-0.257415771484,-0.005615234375,-0.004333496094,-0.013168334961,0.064758300781

